tree_id,block_id,created_at,tree_dbh,stump_diam,curb_loc,status,health,spc_latin,spc_common,steward,guards,sidewalk,user_type,problems,root_stone,root_grate,root_other,trunk_wire,trnk_light,trnk_other,brch_light,brch_shoe,brch_other,address,zipcode,zip_city,cb_num,borocode,boroname,cncldist,st_assem,st_senate,nta,nta_name,boro_ct,state,latitude,longitude,x_sp,y_sp
606945,305778,2016-06-28,10,0,OnCurb,Alive,Good,Fraxinus pennsylvanica,green ash,None,None,NoDamage,TreesCount Staff,Stones,Yes,No,No,No,No,No,No,No,No,76-046 164 STREET,11366,Fresh Meadows,408,4,Queens,24,25,14,QN37,Kew Gardens Hills,4125700,New York,40.72433932,-73.80518011,1038250.055,203232.9417
160321,341273,2015-08-19,9,0,OnCurb,Alive,Good,Gleditsia triacanthos var. inermis,honeylocust,None,None,NoDamage,Volunteer,BranchLights,No,No,No,No,No,No,Yes,No,No,72-020 32 AVENUE,11370,East Elmhurst,403,4,Queens,25,34,13,QN28,Jackson Heights,4030902,New York,40.75662595,-73.89416679,1013570.588,214953.6472
541347,325281,2015-12-30,7,0,OnCurb,Alive,Good,Pyrus calleryana,Callery pear,None,None,NoDamage,TreesCount Staff,BranchLights,No,No,No,No,No,No,Yes,No,No,153-026 119 AVENUE,11434,Jamaica,412,4,Queens,28,32,10,QN76,Baisley Park,4028800,New York,40.67977677,-73.78846289,1042922.921,187008.2671
613930,203822,2016-07-05,10,0,OnCurb,Alive,Good,Pyrus calleryana,Callery pear,None,None,NoDamage,TreesCount Staff,None,No,No,No,No,No,No,No,No,No,89 89 STREET,11209,Brooklyn,310,3,Brooklyn,43,46,22,BK31,Bay Ridge,3005000,New York,40.62274274,-74.0375434,973827.8722,166160.5847
18353,338911,2015-06-13,4,0,OnCurb,Alive,Good,Prunus virginiana,'Schubert' chokecherry,None,None,NoDamage,TreesCount Staff,BranchLights,No,No,No,No,No,No,Yes,No,No,559 BEACH 68 STREET,11692,Arverne,414,4,Queens,31,31,10,QN12,Hammels-Arverne-Edgemere,4095400,New York,40.5965141,-73.79762248,1040452.463,156667.5017
21173,108713,2015-06-15,8,0,OnCurb,Alive,Good,Gleditsia triacanthos var. inermis,honeylocust,None,None,NoDamage,Volunteer,TrunkOtherBranchOther,No,No,No,No,No,Yes,No,No,Yes,3554 BROADWAY,10031,New York,109,1,Manhattan,7,71,31,MN04,Hamilton Heights,1022900,New York,40.8268873,-73.94988854,998118.5001,240538.5367
544698,201434,2016-01-20,2,0,OnCurb,Alive,Fair,Quercus rubra,northern red oak,1or2,None,NoDamage,TreesCount Staff,None,No,No,No,No,No,No,No,No,No,2030 PITKIN AVENUE,11207,Brooklyn,305,3,Brooklyn,42,55,19,BK85,East New York (Pennsylvania Ave),3114400,New York,40.67134672,-73.89761379,1012651.928,183882.7143
546240,228778,2016-02-06,2,0,OnCurb,Alive,Good,Tilia americana,American linden,1or2,Helpful,NoDamage,Volunteer,None,No,No,No,No,No,No,No,No,No,5008 FT HAMILTON PARKWAY,11219,Brooklyn,312,3,Brooklyn,44,48,17,BK88,Borough Park,3011400,New York,40.63777439,-73.99869226,984612.9484,171634.7857
646348,309729,2016-07-29,4,0,OnCurb,Alive,Good,Quercus palustris,pin oak,None,None,Damage,TreesCount Staff,None,No,No,No,No,No,No,No,No,No,85-006 WOODHAVEN BOULEVARD,11421,Woodhaven,409,4,Queens,32,38,15,QN53,Woodhaven,4001400,New York,40.69666784,-73.85308695,1024988.19,193125.4947
413812,501196,2015-11-02,5,0,OnCurb,Alive,Good,Ulmus americana,American elm,None,None,Damage,TreesCount Staff,None,No,No,No,No,No,No,No,No,No,1340 EAST BAY AVENUE,10474,Bronx,202,2,Bronx,17,84,34,BX27,Hunts Point,2009300,New York,40.80896707,-73.88264729,1016736.46,234027.3437
643898,308820,2016-07-28,7,0,OnCurb,Alive,Good,Platanus x acerifolia,London planetree,None,None,NoDamage,NYC Parks Staff,None,No,No,No,No,No,No,No,No,No,97-016 116 STREET,11419,South Richmond Hill,409,4,Queens,28,24,10,QN54,Richmond Hill,4012000,New York,40.68998752,-73.82894773,1031686.608,190703.8139
51527,414908,2015-07-06,10,0,OnCurb,Alive,Good,Pyrus calleryana,Callery pear,None,None,NoDamage,NYC Parks Staff,None,No,No,No,No,No,No,No,No,No,234 CORBIN AVENUE,10308,Staten Island,503,5,Staten Island,51,62,24,SI54,Great Kills,5014605,New York,40.56123548,-74.14756926,943246.7257,143784.2364
111516,103671,2015-08-02,2,0,OnCurb,Alive,Good,Tilia americana,American linden,None,None,NoDamage,Volunteer,None,No,No,No,No,No,No,No,No,No,311 10 AVENUE,10001,New York,104,1,Manhattan,3,75,31,MN13,Hudson Yards-Chelsea-Flatiron-Union Square,1009700,New York,40.75050267,-74.0012648,983899.5604,212705.0277
316742,413488,2015-10-13,13,0,OnCurb,Alive,Good,Acer saccharinum,silver maple,None,None,NoDamage,NYC Parks Staff,None,No,No,No,No,No,No,No,No,No,73 MACON AVENUE,10312,Staten Island,503,5,Staten Island,51,62,24,SI01,Annadale-Huguenot-Prince's Bay-Eltingville,5017012,New York,40.55740036,-74.1719325,936474.4741,142399.3567
428425,222536,2015-11-04,2,0,OnCurb,Dead,,,,,,,NYC Parks Staff,,No,No,No,No,No,No,No,No,No,176 SUYDAM STREET,11221,Brooklyn,304,3,Brooklyn,34,53,18,BK78,Bushwick South,3042300,New York,40.69965527,-73.92605343,1004754.069,194188.3987
581674,330418,2016-06-10,12,0,OnCurb,Alive,Good,Gleditsia triacanthos var. inermis,honeylocust,None,None,NoDamage,TreesCount Staff,None,No,No,No,No,No,No,No,No,No,152-002 BAISLEY BOULEVARD,11434,Jamaica,412,4,Queens,28,32,10,QN02,Springfield Gardens North,4029400,New York,40.67021579,-73.78613754,1043576.393,183526.505
341736,510883,2015-10-17,12,0,OnCurb,Dead,,,,,,,TreesCount Staff,,No,No,No,No,No,No,No,No,No,345 CITY ISLAND AVENUE,10464,Bronx,210,2,Bronx,13,82,34,BX10,Pelham Bay-Country Club-City Island,2051600,New York,40.84822096,-73.78696339,1043189.576,248378.8878
545989,212884,2016-02-04,14,0,OnCurb,Alive,Good,Fraxinus americana,white ash,None,None,NoDamage,Volunteer,BranchLights,No,No,No,No,No,No,Yes,No,No,3919 AVENUE P,11234,Brooklyn,318,3,Brooklyn,45,41,19,BK45,Georgetown-Marine Park-Bergen Beach-Mill Basin,3064800,New York,40.6180494,-73.93600187,1002017.267,164454.9346
386593,400007,2015-10-27,16,0,OffsetFromCurb,Alive,Fair,Quercus rubra,northern red oak,None,None,NoDamage,NYC Parks Staff,Stones,Yes,No,No,No,No,No,No,No,No,197 HOPE AVENUE,10305,Staten Island,501,5,Staten Island,49,64,23,SI37,Stapleton-Rosebank,5002001,New York,40.60772576,-74.07015896,964769.3428,160695.0766
10288,219608,2015-06-04,5,0,OnCurb,Alive,Fair,Crataegus,hawthorn,1or2,Helpful,NoDamage,TreesCount Staff,None,No,No,No,No,No,No,No,No,No,283 ADAMS STREET,11201,Brooklyn,302,3,Brooklyn,33,52,25,BK38,DUMBO-Vinegar Hill-Downtown Brooklyn-Boerum Hill,3001100,New York,40.69432132,-73.98886257,987338.4594,192236.6251
710291,211704,2016-09-12,6,0,OnCurb,Alive,Good,Zelkova serrata,Japanese zelkova,None,Helpful,NoDamage,TreesCount Staff,None,No,No,No,No,No,No,No,No,No,1360 HERKIMER STREET,11233,Brooklyn,316,3,Brooklyn,37,55,25,BK79,Ocean Hill,3036900,New York,40.67733712,-73.90859701,1009602.909,186061.8169
608354,333249,2016-06-29,5,0,OnCurb,Alive,Good,Quercus coccinea,scarlet oak,None,None,NoDamage,TreesCount Staff,None,No,No,No,No,No,No,No,No,No,221-006 114 ROAD,11411,Cambria Heights,413,4,Queens,27,33,14,QN33,Cambria Heights,4059000,New York,40.70100375,-73.73601616,1057446.445,194781.328
365941,204776,2015-10-22,14,0,OnCurb,Alive,Good,Quercus palustris,pin oak,None,None,Damage,TreesCount Staff,Stones,Yes,No,No,No,No,No,No,No,No,6833 BLISS TERRACE,11220,Brooklyn,310,3,Brooklyn,43,64,22,BK31,Bay Ridge,3003400,New York,40.63774884,-74.03195145,975382.2021,171627.0951
365757,102878,2015-10-22,12,0,OnCurb,Alive,Good,Fraxinus pennsylvanica,green ash,None,None,NoDamage,Volunteer,None,No,No,No,No,No,No,No,No,No,229 EAST 2 STREET,10009,New York,103,1,Manhattan,2,74,26,MN28,Lower East Side,1002202,New York,40.72127573,-73.98270648,989043.6318,202057.2029
78058,340974,2015-07-19,7,0,OnCurb,Alive,Good,Acer platanoides,Norway maple,None,Harmful,NoDamage,TreesCount Staff,None,No,No,No,No,No,No,No,No,No,34-042 80 STREET,11372,Jackson Heights,403,4,Queens,25,34,13,QN28,Jackson Heights,4028500,New York,40.75234919,-73.88674383,1015629.097,213398.0572
655310,329839,2016-08-05,4,0,OnCurb,Alive,Poor,Tilia cordata,littleleaf linden,None,None,NoDamage,TreesCount Staff,None,No,No,No,No,No,No,No,No,No,87-023 178 STREET,11432,Jamaica,412,4,Queens,27,29,14,QN61,Jamaica,4046200,New York,40.71171787,-73.78516724,1043808.477,198647.5427
658091,408236,2016-08-08,3,0,OnCurb,Alive,Good,Koelreuteria paniculata,golden raintree,1or2,None,NoDamage,TreesCount Staff,None,No,No,No,No,No,No,No,No,No,90 ROOSEVELT AVENUE,10314,Staten Island,502,5,Staten Island,49,63,24,SI05,New Springville-Bloomfield-Travis,5018902,New York,40.60445166,-74.13293832,947335.9367,159522.4445
235893,510216,2015-09-18,9,0,OnCurb,Alive,Good,Liquidambar styraciflua,sweetgum,None,None,Damage,TreesCount Staff,None,No,No,No,No,No,No,No,No,No,3221 BRUCKNER BOULEVARD,10461,Bronx,210,2,Bronx,13,82,34,BX52,Schuylerville-Throgs Neck-Edgewater Park,2018400,New York,40.83946991,-73.82599455,1032397.407,245166.702
497126,408714,2015-12-04,7,0,OnCurb,Alive,Good,Tilia americana,American linden,None,None,NoDamage,NYC Parks Staff,None,No,No,No,No,No,No,No,No,No,260 CHRISTOPHER LANE,10314,Staten Island,502,5,Staten Island,50,63,24,SI05,New Springville-Bloomfield-Travis,5029104,New York,40.61303154,-74.15656359,940781.31,162659.1531
314098,413085,2015-10-12,7,0,OnCurb,Alive,Good,Pyrus calleryana,Callery pear,1or2,None,NoDamage,NYC Parks Staff,BranchLights,No,No,No,No,No,No,Yes,No,No,949 ROSSVILLE AVENUE,10309,Staten Island,503,5,Staten Island,51,62,24,SI32,Rossville-Woodrow,5020801,New York,40.55005927,-74.21117589,925563.3365,139748.6766
679996,307398,2016-08-25,4,0,OnCurb,Alive,Good,Quercus palustris,pin oak,None,None,NoDamage,TreesCount Staff,None,No,No,No,No,No,No,No,No,No,141-048 71 AVENUE,11367,Flushing,408,4,Queens,24,27,15,QN37,Kew Gardens Hills,4077902,New York,40.72785135,-73.82307036,1033288.667,204501.9562
363526,219476,2015-10-22,9,0,OnCurb,Alive,Good,Ginkgo biloba,ginkgo,1or2,Helpful,NoDamage,NYC Parks Staff,None,No,No,No,No,No,No,No,No,No,136 CLINTON AVENUE,11205,Brooklyn,302,3,Brooklyn,35,50,25,BK68,Fort Greene,3018700,New York,40.69389519,-73.96905151,992832.2085,192082.6923
640705,308809,2016-07-26,11,0,OnCurb,Alive,Good,Acer,maple,None,None,NoDamage,TreesCount Staff,BranchLights,No,No,No,No,No,No,Yes,No,No,123-007 103 AVENUE,11419,South Richmond Hill,409,4,Queens,28,24,10,QN54,Richmond Hill,4015600,New York,40.68898199,-73.82157444,1033732.129,190341.5495
421793,333079,2015-11-03,4,0,OnCurb,Alive,Fair,Prunus cerasifera,purple-leaf plum,None,None,NoDamage,NYC Parks Staff,None,No,No,No,No,No,No,No,No,No,115-083 225 STREET,11411,Cambria Heights,413,4,Queens,27,33,14,QN33,Cambria Heights,4060000,New York,40.69647164,-73.73428663,1057931.01,193131.6026
142361,107035,2015-08-13,4,0,OnCurb,Alive,Good,Malus,crab apple,None,None,NoDamage,TreesCount Staff,None,No,No,No,No,No,No,No,No,No,2833 BROADWAY,10025,New York,107,1,Manhattan,7,69,31,MN09,Morningside Heights,1019500,New York,40.80390017,-73.96691108,993410.6231,232161.2628
167750,348599,2015-08-23,7,0,OnCurb,Alive,Good,Ginkgo biloba,ginkgo,None,None,Damage,Volunteer,None,No,No,No,No,No,No,No,No,No,64-002 CROMWELL CRESCENT,11374,Rego Park,406,4,Queens,29,28,15,QN18,Rego Park,4069702,New York,40.72244096,-73.86301576,1022220.304,202510.9494
516670,410803,2015-12-14,18,0,OnCurb,Alive,Good,Fraxinus pennsylvanica,green ash,None,None,NoDamage,NYC Parks Staff,None,No,No,No,No,No,No,No,No,No,204 NOEL STREET,10312,Staten Island,503,5,Staten Island,51,62,24,SI01,Annadale-Huguenot-Prince's Bay-Eltingville,5017600,New York,40.53042064,-74.16793584,937566.1938,132567.8668
308062,302108,2015-10-10,3,0,OnCurb,Alive,Good,Prunus,cherry,1or2,None,NoDamage,NYC Parks Staff,None,No,No,No,No,No,No,No,No,No,21-046 38 STREET,11105,Astoria,401,4,Queens,22,36,13,QN72,Steinway,4011300,New York,40.77426736,-73.90577442,1010347.838,221377.3211
149949,223954,2015-08-16,5,0,OnCurb,Alive,Poor,Ulmus americana,American elm,3or4,Helpful,NoDamage,Volunteer,None,No,No,No,No,No,No,No,No,No,295 DOUGLASS STREET,11217,Brooklyn,306,3,Brooklyn,33,52,25,BK38,DUMBO-Vinegar Hill-Downtown Brooklyn-Boerum Hill,3012700,New York,40.68006881,-73.98356407,988808.7294,187044.251
263907,221204,2015-09-27,5,0,OnCurb,Alive,Good,Quercus palustris,pin oak,1or2,None,NoDamage,Volunteer,WiresRopeTrunkOtherBranchOther,No,No,No,Yes,No,Yes,No,No,Yes,230 SKILLMAN STREET,11205,Brooklyn,303,3,Brooklyn,33,57,25,BK69,Clinton Hill,3023500,New York,40.69134071,-73.95651646,996308.7187,191153.4964
555711,504594,2016-05-02,2,0,OnCurb,Alive,Fair,Styrax japonicus,Japanese snowbell,None,None,Damage,TreesCount Staff,None,No,No,No,No,No,No,No,No,No,2467 VALENTINE AVENUE,10458,Bronx,205,2,Bronx,15,78,33,BX05,Bedford Park-Fordham North,2023702,New York,40.86137397,-73.89635562,1012919.027,253116.3209
246605,306953,2015-09-22,7,0,OnCurb,Alive,Good,Acer platanoides,Norway maple,None,None,NoDamage,Volunteer,None,No,No,No,No,No,No,No,No,No,146-048 61 ROAD,11367,Flushing,408,4,Queens,24,25,16,QN62,Queensboro Hill,4080302,New York,40.74043402,-73.82237986,1033470.754,209086.595
284553,335845,2015-10-05,24,0,OnCurb,Alive,Good,Quercus palustris,pin oak,None,None,NoDamage,NYC Parks Staff,None,No,No,No,No,No,No,No,No,No,259-003 EAST WILLISTON AVENUE,11001,Floral Park,413,4,Queens,23,33,11,QN44,Glen Oaks-Floral Park-New Hyde Park,4157903,New York,40.73524908,-73.7081976,1065118.282,207282.3512
495957,407621,2015-12-04,5,0,OnCurb,Alive,Good,Prunus cerasifera,purple-leaf plum,None,None,NoDamage,NYC Parks Staff,None,No,No,No,No,No,No,No,No,No,60 RUPERT AVENUE,10314,Staten Island,502,5,Staten Island,50,63,24,SI05,New Springville-Bloomfield-Travis,5027302,New York,40.59802964,-74.13405705,947021.7096,157183.2162
42659,407425,2015-06-30,18,0,OnCurb,Alive,Good,Quercus palustris,pin oak,1or2,Helpful,NoDamage,NYC Parks Staff,TrunkOtherBranchLights,No,No,No,No,No,Yes,Yes,No,No,470 ASHWORTH AVENUE,10314,Staten Island,502,5,Staten Island,50,63,24,SI05,New Springville-Bloomfield-Travis,5027301,New York,40.59552633,-74.1554559,941077.5348,156281.0179
468628,501873,2015-11-18,6,0,OnCurb,Alive,Good,Fraxinus americana,white ash,None,None,Damage,TreesCount Staff,None,No,No,No,No,No,No,No,No,No,1054 PROSPECT AVENUE,10459,Bronx,202,2,Bronx,17,79,32,BX33,Longwood,2013100,New York,40.82507944,-73.89891744,1012225.664,239892.0416
244333,321103,2015-09-21,13,0,OnCurb,Alive,Fair,Platanus x acerifolia,London planetree,None,None,NoDamage,TreesCount Staff,Stones,Yes,No,No,No,No,No,No,No,No,49-014 217 STREET,11364,Oakland Gardens,411,4,Queens,23,26,11,QN46,Bayside-Bayside Hills,4144100,New York,40.75485829,-73.7632828,1049833.052,214380.5329
222783,346090,2015-09-14,21,0,OnCurb,Alive,Fair,Acer,maple,None,None,Damage,TreesCount Staff,StonesBranchLights,Yes,No,No,No,No,No,Yes,No,No,70-019 JUNIPER VALLEY ROAD,11379,Middle Village,405,4,Queens,30,28,15,QN21,Middle Village,4065900,New York,40.71489614,-73.88418225,1016356.857,199753.677
479427,339281,2015-11-23,5,0,OnCurb,Alive,Good,Zelkova serrata,Japanese zelkova,None,None,NoDamage,TreesCount Staff,None,No,No,No,No,No,No,No,No,No,23-012 OCEAN CREST BOULEVARD,11691,Far Rockaway,414,4,Queens,31,31,10,QN15,Far Rockaway-Bayswater,4100802,New York,40.60107544,-73.75796854,1051460.178,158357.2421
332416,336243,2015-10-15,17,0,OnCurb,Alive,Good,Acer platanoides,Norway maple,None,None,NoDamage,NYC Parks Staff,None,No,No,No,No,No,No,No,No,No,80-014 261 STREET,11004,Glen Oaks,413,4,Queens,23,24,11,QN44,Glen Oaks-Floral Park-New Hyde Park,4157902,New York,40.74463938,-73.71012689,1064572.289,210701.7424
211906,111701,2015-09-09,0,6,OffsetFromCurb,Stump,,,,,,,TreesCount Staff,,No,No,No,No,No,No,No,No,No,3940 BROADWAY,10032,New York,112,1,Manhattan,10,72,31,MN36,Washington Heights South,1025100,New York,40.83932035,-73.9410319,1000566.552,245069.8826
492967,407740,2015-12-03,19,0,OnCurb,Alive,Good,Platanus x acerifolia,London planetree,None,None,NoDamage,NYC Parks Staff,None,No,No,No,No,No,No,No,No,No,969 FOREST HILL ROAD,10314,Staten Island,502,5,Staten Island,50,63,24,SI05,New Springville-Bloomfield-Travis,5027302,New York,40.59864782,-74.13974969,945441.196,157410.9047
682922,311794,2016-08-26,10,0,OnCurb,Alive,Good,Ginkgo biloba,ginkgo,None,None,Damage,TreesCount Staff,BranchLights,No,No,No,No,No,No,Yes,No,No,43-023 171 STREET,11358,Flushing,407,4,Queens,19,26,11,QN52,East Flushing,4119300,New York,40.75741827,-73.79595788,1040778.19,215290.4373
140851,226339,2015-08-12,13,0,OnCurb,Alive,Poor,Gleditsia triacanthos var. inermis,honeylocust,1or2,Helpful,Damage,Volunteer,RootOtherTrunkOtherBranchOther,No,No,Yes,No,No,Yes,No,No,Yes,296 PARK PLACE,11238,Brooklyn,308,3,Brooklyn,35,52,20,BK64,Prospect Heights,3020700,New York,40.67649704,-73.96809864,993098.7526,185744.1374
549446,226223,2016-03-06,15,0,OnCurb,Alive,Good,Quercus palustris,pin oak,1or2,None,NoDamage,Volunteer,Stones,Yes,No,No,No,No,No,No,No,No,1169 ST MARKS AVENUE,11213,Brooklyn,308,3,Brooklyn,36,56,25,BK61,Crown Heights North,3030900,New York,40.674203,-73.93080726,1003443.241,184914.3199
392586,511560,2015-10-28,28,0,OnCurb,Alive,Fair,Platanus x acerifolia,London planetree,None,None,Damage,NYC Parks Staff,None,No,No,No,No,No,No,No,No,No,1586 HAIGHT AVENUE,10461,Bronx,211,2,Bronx,13,82,34,BX37,Van Nest-Morris Park-Westchester Square,2025600,New York,40.84627593,-73.85042293,1025633.833,247633.9001
174662,216905,2015-08-25,0,7,OnCurb,Stump,,,,,,,Volunteer,,No,No,No,No,No,No,No,No,No,140 CLYMER STREET,11249,Brooklyn,301,3,Brooklyn,33,50,18,BK72,Williamsburg,3054500,New York,40.70630936,-73.96367494,994321.2896,196606.116
518176,515373,2015-12-15,12,0,OnCurb,Alive,Good,Ginkgo biloba,ginkgo,1or2,None,NoDamage,TreesCount Staff,None,No,No,No,No,No,No,No,No,No,412 EAST 238 STREET,10470,Bronx,212,2,Bronx,11,81,34,BX62,Woodlawn-Wakefield,2045102,New York,40.89985383,-73.86503239,1021561.726,267147.8572
626661,228123,2016-07-14,11,0,OnCurb,Alive,Good,Quercus palustris,pin oak,None,None,Damage,TreesCount Staff,Stones,Yes,No,No,No,No,No,No,No,No,1502 52 STREET,11219,Brooklyn,312,3,Brooklyn,44,48,17,BK88,Borough Park,3023800,New York,40.63044651,-73.98917639,987254.3103,168965.2258
126784,315283,2015-08-07,3,0,OnCurb,Alive,Good,Prunus cerasifera,purple-leaf plum,None,None,NoDamage,Volunteer,None,No,No,No,No,No,No,No,No,No,11-035 COLLEGE POINT BOULEVARD,11356,College Point,407,4,Queens,19,27,11,QN23,College Point,4094700,New York,40.78693013,-73.84563719,1026996.013,226014.424
170032,301405,2015-08-24,3,0,OnCurb,Alive,Good,Ulmus americana,American elm,3or4,Helpful,NoDamage,Volunteer,None,No,No,No,No,No,No,No,No,No,25-062 38 STREET,11103,Astoria,401,4,Queens,22,36,12,QN70,Astoria,4006502,New York,40.76682211,-73.91377926,1008133.391,218662.4863
56023,321458,2015-07-08,27,0,OnCurb,Alive,Good,Quercus palustris,pin oak,None,None,NoDamage,Volunteer,StonesRootOtherWiresRopeBranchLights,Yes,No,Yes,Yes,No,No,Yes,No,No,45-029 211 STREET,11361,Bayside,411,4,Queens,19,25,11,QN46,Bayside-Bayside Hills,4144700,New York,40.75896415,-73.7712585,1047619.463,215870.5552
250862,201374,2015-09-23,4,0,OnCurb,Alive,Good,Crataegus,hawthorn,None,None,Damage,NYC Parks Staff,None,No,No,No,No,No,No,No,No,No,735 SUTTER AVENUE,11207,Brooklyn,305,3,Brooklyn,42,60,19,BK85,East New York (Pennsylvania Ave),3115800,New York,40.67001078,-73.89128441,1014408.301,183398.1083
101366,100497,2015-07-29,6,0,OnCurb,Alive,Good,Pyrus calleryana,Callery pear,1or2,Helpful,NoDamage,Volunteer,None,No,No,No,No,No,No,No,No,No,290 BROADWAY,10007,New York,101,1,Manhattan,1,66,26,MN24,SoHo-TriBeCa-Civic Center-Little Italy,1003100,New York,40.7148616,-74.00477425,982926.4872,199719.9015
675128,344267,2016-08-22,11,0,OnCurb,Alive,Poor,Tilia cordata,littleleaf linden,None,None,Damage,Volunteer,WiresRopeBranchLights,No,No,No,Yes,No,No,Yes,No,No,61-022 COOPER AVENUE,11385,Ridgewood,405,4,Queens,30,38,12,QN19,Glendale,4056700,New York,40.69737164,-73.89309324,1013894.355,193365.8377
557243,311340,2016-05-09,18,0,OnCurb,Alive,Good,Platanus x acerifolia,London planetree,None,None,NoDamage,TreesCount Staff,None,No,No,No,No,No,No,No,No,No,45-015 COLDEN STREET,11355,Flushing,407,4,Queens,20,25,16,QN22,Flushing,4084500,New York,40.7504039,-73.82280702,1033345.036,212718.6967
119577,345375,2015-08-05,10,0,OnCurb,Alive,Good,Fraxinus pennsylvanica,green ash,None,None,Damage,Volunteer,StonesBranchLights,Yes,No,No,No,No,No,Yes,No,No,59-019 WOODBINE STREET,11385,Ridgewood,405,4,Queens,30,37,15,QN20,Ridgewood,4058700,New York,40.70670723,-73.90211864,1011387.887,196764.1449
64844,227688,2015-07-14,4,0,OnCurb,Alive,Fair,Zelkova serrata,Japanese zelkova,None,None,NoDamage,TreesCount Staff,None,No,No,No,No,No,No,No,No,No,1101 OCEAN PARKWAY,11230,Brooklyn,312,3,Brooklyn,44,48,17,BK46,Ocean Parkway South,3045200,New York,40.62168083,-73.96977409,992640.9097,165772.9198
346274,513022,2015-10-19,2,0,OnCurb,Alive,Fair,Prunus,cherry,None,None,NoDamage,NYC Parks Staff,None,No,No,No,No,No,No,No,No,No,2942 BOSTON ROAD,10469,Bronx,211,2,Bronx,12,80,36,BX31,Allerton-Pelham Gardens,2034400,New York,40.86897795,-73.85789561,1023552.934,255901.6687
467576,506403,2015-11-18,16,0,OnCurb,Alive,Good,Gleditsia triacanthos var. inermis,honeylocust,None,None,NoDamage,TreesCount Staff,Stones,Yes,No,No,No,No,No,No,No,No,15 EAST 205 STREET,10468,Bronx,207,2,Bronx,11,78,36,BX05,Bedford Park-Fordham North,2041100,New York,40.87577722,-73.88761667,1015329.572,258366.9656
290612,110768,2015-10-07,5,0,OnCurb,Alive,Good,Zelkova serrata,Japanese zelkova,None,None,NoDamage,NYC Parks Staff,None,No,No,No,No,No,No,No,No,No,560 WEST 166 STREET,10032,New York,112,1,Manhattan,10,72,31,MN36,Washington Heights South,1025100,New York,40.83964393,-73.94025537,1000781.338,245187.9208
334630,412083,2015-10-15,8,0,OnCurb,Alive,Good,Pyrus calleryana,Callery pear,1or2,None,Damage,TreesCount Staff,None,No,No,No,No,No,No,No,No,No,6759 HYLAN BOULEVARD,10309,Staten Island,503,5,Staten Island,51,62,24,SI11,Charleston-Richmond Valley-Tottenville,5024401,New York,40.50809395,-74.22876769,920634.5856,124472.0585
696421,307257,2016-09-04,5,0,OnCurb,Alive,Good,Pyrus calleryana,Callery pear,None,None,NoDamage,Volunteer,None,No,No,No,No,No,No,No,No,No,155-023 JEWEL AVENUE,11367,Flushing,408,4,Queens,24,27,16,QN38,Pomonok-Flushing Heights-Hillcrest,4122702,New York,40.73225269,-73.8124832,1036219.621,206111.6046
591865,335962,2016-06-17,29,0,OnCurb,Alive,Good,Quercus phellos,willow oak,None,None,NoDamage,TreesCount Staff,None,No,No,No,No,No,No,No,No,No,252-015 82 DRIVE,11426,Bellerose,413,4,Queens,23,33,11,QN43,Bellerose,4157101,New York,40.73841804,-73.71600435,1062951.033,208429.785
554791,408869,2016-04-27,6,0,OnCurb,Alive,Good,Pyrus calleryana,Callery pear,1or2,None,NoDamage,TreesCount Staff,None,No,No,No,No,No,No,No,No,No,583 ODER AVENUE,10304,Staten Island,502,5,Staten Island,50,63,24,SI14,Grasmere-Arrochar-Ft. Wadsworth,5005000,New York,40.60333131,-74.09042142,959141.5249,159099.2196
470185,502002,2015-11-18,5,0,OnCurb,Dead,,,,,,,TreesCount Staff,,No,No,No,No,No,No,No,No,No,1010 TRINITY AVENUE,10456,Bronx,203,2,Bronx,16,79,32,BX35,Morrisania-Melrose,2013300,New York,40.82505004,-73.90490121,1010569.605,239879.476
171876,506975,2015-08-24,6,0,OnCurb,Alive,Poor,Tilia americana,American linden,None,None,NoDamage,TreesCount Staff,None,No,No,No,No,No,No,No,No,No,3963 SAXON AVENUE,10463,Bronx,208,2,Bronx,11,81,34,BX28,Van Cortlandt Village,2028100,New York,40.88274608,-73.89017133,1014619.899,260905.1026
671163,319734,2016-08-19,13,0,OnCurb,Alive,Good,Tilia cordata,littleleaf linden,None,None,NoDamage,TreesCount Staff,None,No,No,No,No,No,No,No,No,No,78-032 SPRINGFIELD BOULEVARD,11364,Oakland Gardens,411,4,Queens,23,24,11,QN42,Oakland Gardens,4129104,New York,40.73668776,-73.74738176,1054257.552,207772.7577
428925,501924,2015-11-04,2,0,OnCurb,Dead,,,,,,,TreesCount Staff,,No,No,No,No,No,No,No,No,No,770 FAILE STREET,10474,Bronx,202,2,Bronx,17,84,32,BX27,Hunts Point,2011700,New York,40.81632342,-73.88688976,1015558.569,236705.9778
482943,216728,2015-11-25,3,0,OnCurb,Alive,Good,Fraxinus pennsylvanica,green ash,None,None,NoDamage,Volunteer,TrunkOther,No,No,No,No,No,Yes,No,No,No,107 LORIMER STREET,11206,Brooklyn,301,3,Brooklyn,33,53,26,BK72,Williamsburg,3050900,New York,40.70225429,-73.95084589,997879.0298,195130.4671
627685,345240,2016-07-15,13,0,OnCurb,Alive,Good,Tilia tomentosa,silver linden,None,None,Damage,NYC Parks Staff,None,No,No,No,No,No,No,No,No,No,78-011 82 STREET,11385,Ridgewood,405,4,Queens,30,38,15,QN19,Glendale,4063500,New York,40.70509557,-73.86675414,1021193.683,196189.9069
399249,508567,2015-10-29,27,0,OnCurb,Alive,Fair,Platanus x acerifolia,London planetree,None,None,Damage,NYC Parks Staff,TrunkOther,No,No,No,No,No,Yes,No,No,No,1995 CROSS BRONX EXPRESSWAY SR NORTH,10462,Bronx,209,2,Bronx,18,87,34,BX59,Westchester-Unionport,2009200,New York,40.83225725,-73.85621016,1024041.052,242523.6991
601065,321007,2016-06-24,6,0,OnCurb,Alive,Good,Pyrus calleryana,Callery pear,None,None,NoDamage,TreesCount Staff,None,No,No,No,No,No,No,No,No,No,45-001 192 STREET,11358,Flushing,411,4,Queens,19,26,11,QN48,Auburndale,4142900,New York,40.7556752,-73.7889648,1042717.091,214659.9723
429970,404849,2015-11-05,12,0,OnCurb,Alive,Good,Gleditsia triacanthos var. inermis,honeylocust,None,None,Damage,TreesCount Staff,None,No,No,No,No,No,No,No,No,No,125 BOYD STREET,10304,Staten Island,501,5,Staten Island,49,61,23,SI37,Stapleton-Rosebank,5002100,New York,40.62639545,-74.07984199,962086.9088,167499.2336
694769,321635,2016-09-02,3,0,OnCurb,Alive,Good,Prunus,cherry,None,None,NoDamage,Volunteer,None,No,No,No,No,No,No,No,No,No,45-045 220 PLACE,11361,Bayside,411,4,Queens,19,26,11,QN46,Bayside-Bayside Hills,4147100,New York,40.76001863,-73.76032777,1050646.603,216262.8323
667692,220627,2016-08-16,15,0,OnCurb,Alive,Good,Quercus palustris,pin oak,3or4,Helpful,Damage,Volunteer,TrunkLightsBranchOther,No,No,No,No,Yes,No,No,No,Yes,404 HANCOCK STREET,11216,Brooklyn,303,3,Brooklyn,36,56,25,BK35,Stuyvesant Heights,3027500,New York,40.68367539,-73.93956988,1001010.215,188363.5853
534609,411422,2015-12-24,5,0,OnCurb,Alive,Good,Pyrus calleryana,Callery pear,None,None,NoDamage,NYC Parks Staff,None,No,No,No,No,No,No,No,No,No,46 GOODALL STREET,10308,Staten Island,503,5,Staten Island,51,64,24,SI54,Great Kills,5015603,New York,40.53916417,-74.14676193,943457.5763,135742.762
428857,202447,2015-11-04,6,0,OnCurb,Alive,Good,Prunus,cherry,None,None,Damage,NYC Parks Staff,BranchLights,No,No,No,No,No,No,Yes,No,No,310 EUCLID AVENUE,11208,Brooklyn,305,3,Brooklyn,37,54,18,BK83,Cypress Hills-City Line,3119000,New York,40.68050734,-73.87348635,1019340.053,187228.9324
221756,219376,2015-09-13,0,21,OnCurb,Stump,,,,,,,Volunteer,,No,No,No,No,No,No,No,No,No,197 WAVERLY AVENUE,11205,Brooklyn,302,3,Brooklyn,35,57,25,BK69,Clinton Hill,3019500,New York,40.69200667,-73.96766077,993218.1248,191394.7892
398805,508525,2015-10-29,4,0,OnCurb,Alive,Good,Metasequoia glyptostroboides,dawn redwood,None,None,NoDamage,NYC Parks Staff,None,No,No,No,No,No,No,No,No,No,2301 POWELL AVENUE,10462,Bronx,209,2,Bronx,18,82,34,BX59,Westchester-Unionport,2009600,New York,40.83183474,-73.84777028,1026376.89,242373.7102
159417,509126,2015-08-19,10,0,OnCurb,Alive,Good,Acer rubrum,red maple,3or4,Harmful,NoDamage,TreesCount Staff,None,No,No,No,No,No,No,No,No,No,3084 FERN PLACE,10465,Bronx,210,2,Bronx,13,82,34,BX52,Schuylerville-Throgs Neck-Edgewater Park,2011800,New York,40.81152532,-73.80444045,1038384.158,234998.0714
165284,348287,2015-08-22,15,0,OnCurb,Alive,Fair,Acer platanoides,Norway maple,None,None,NoDamage,Volunteer,None,No,No,No,No,No,No,No,No,No,76-035 113 STREET,11375,Forest Hills,406,4,Queens,29,27,14,QN17,Forest Hills,4075701,New York,40.71692714,-73.83263292,1030645.871,200516.7309
292021,333342,2015-10-07,3,0,OnCurb,Alive,Good,Maackia amurensis,Amur maackia,3or4,None,NoDamage,NYC Parks Staff,None,No,No,No,No,No,No,No,No,No,219-050 113 DRIVE,11429,Queens Village,413,4,Queens,27,33,14,QN33,Cambria Heights,4059000,New York,40.70248071,-73.73640721,1057336.397,195319.1006
345077,321867,2015-10-18,13,0,OnCurb,Alive,Good,Pyrus calleryana,Callery pear,None,None,NoDamage,Volunteer,TrunkOther,No,No,No,No,No,Yes,No,No,No,191-007 37 AVENUE,11358,Flushing,411,4,Queens,19,26,11,QN48,Auburndale,4113900,New York,40.7625561,-73.79059683,1042258.947,217165.8187
476398,320088,2015-11-20,19,0,OnCurb,Alive,Poor,Acer,maple,None,None,Damage,NYC Parks Staff,RootOther,No,No,Yes,No,No,No,No,No,No,56-011 196 PLACE,11365,Fresh Meadows,411,4,Queens,20,25,11,QN48,Auburndale,4140902,New York,40.74581452,-73.78092374,1044953.837,211072.8896
540363,326304,2015-12-29,12,0,OnCurb,Alive,Good,Styphnolobium japonicum,Sophora,None,None,NoDamage,TreesCount Staff,None,No,No,No,No,No,No,No,No,No,148-004 111 AVENUE,11435,Jamaica,412,4,Queens,28,32,10,QN76,Baisley Park,4019000,New York,40.68823533,-73.79639247,1040716.377,190084.7475
54395,349275,2015-07-08,2,0,OnCurb,Alive,Good,Gleditsia triacanthos var. inermis,honeylocust,1or2,None,NoDamage,TreesCount Staff,None,No,No,No,No,No,No,No,No,No,93-001 62 AVENUE,11374,Rego Park,406,4,Queens,29,28,16,QN18,Rego Park,4071702,New York,40.73242528,-73.86531628,1021577.034,206147.5543
181191,225016,2015-08-27,14,0,OffsetFromCurb,Alive,Good,Fraxinus pennsylvanica,green ash,None,None,Damage,Volunteer,None,No,No,No,No,No,No,No,No,No,3002 FT HAMILTON PARKWAY,11218,Brooklyn,307,3,Brooklyn,39,44,21,BK40,Windsor Terrace,3050000,New York,40.6482158,-73.97874188,990149.0482,175439.5895
59318,111465,2015-07-10,4,0,OnCurb,Alive,Good,Platanus x acerifolia,London planetree,1or2,None,NoDamage,Volunteer,None,No,No,No,No,No,No,No,No,No,20 CUMMING STREET,10034,New York,112,1,Manhattan,10,72,31,MN01,Marble Hill-Inwood,1029500,New York,40.86647009,-73.92638116,1004612.118,254964.6312
421530,200375,2015-11-03,17,0,OffsetFromCurb,Alive,Good,Platanus x acerifolia,London planetree,None,None,Damage,TreesCount Staff,StonesWiresRope,Yes,No,No,Yes,No,No,No,No,No,811 VERMONT STREET,11207,Brooklyn,305,3,Brooklyn,42,60,19,BK82,East New York,3110400,New York,40.65968122,-73.88943148,1014927.063,179635.4059
645078,320457,2016-07-28,26,0,OnCurb,Alive,Good,Acer rubrum,red maple,None,None,NoDamage,TreesCount Staff,None,No,No,No,No,No,No,No,No,No,53-002 207 STREET,11364,Oakland Gardens,411,4,Queens,23,25,11,QN46,Bayside-Bayside Hills,4140300,New York,40.75032357,-73.77199638,1047423.239,212721.9893
693195,316209,2016-09-02,4,0,OnCurb,Alive,Good,Acer,maple,None,None,NoDamage,TreesCount Staff,None,No,No,No,No,No,No,No,No,No,132-016 14 ROAD,11356,College Point,407,4,Queens,19,27,11,QN49,Whitestone,4094500,New York,40.78551055,-73.8358047,1029719.787,225502.174
700632,316770,2016-09-07,23,0,OnCurb,Alive,Good,Gleditsia triacanthos var. inermis,honeylocust,None,None,NoDamage,TreesCount Staff,None,No,No,No,No,No,No,No,No,No,158-003 79 STREET,11414,Howard Beach,410,4,Queens,32,23,15,QN57,Lindenwood-Howard Beach,4089200,New York,40.65892535,-73.85310351,1025006.656,179374.8339
446786,501612,2015-11-11,12,0,OnCurb,Alive,Good,Gleditsia triacanthos var. inermis,honeylocust,None,None,NoDamage,TreesCount Staff,Stones,Yes,No,No,No,No,No,No,No,No,891 FOX STREET,10459,Bronx,202,2,Bronx,17,85,32,BX27,Hunts Point,2008900,New York,40.81917235,-73.89449774,1013451.454,237741.3195
604234,327575,2016-06-27,13,0,OnCurb,Alive,Good,Acer platanoides,Norway maple,None,None,Damage,TreesCount Staff,None,No,No,No,No,No,No,No,No,No,190-034 DORMANS ROAD,11412,Saint Albans,412,4,Queens,27,33,14,QN08,St. Albans,4039800,New York,40.69571803,-73.76169432,1050331.758,192835.1767
275844,335682,2015-10-01,16,0,OnCurb,Alive,Good,Quercus palustris,pin oak,None,None,NoDamage,NYC Parks Staff,None,No,No,No,No,No,No,No,No,No,262-012 EAST WILLISTON AVENUE,11001,Floral Park,413,4,Queens,23,33,11,QN44,Glen Oaks-Floral Park-New Hyde Park,4157903,New York,40.73641167,-73.70545623,1065876.58,207708.4577
424125,303727,2015-11-03,5,0,OnCurb,Alive,Good,Zelkova serrata,Japanese zelkova,None,None,NoDamage,NYC Parks Staff,None,No,No,No,No,No,No,No,No,No,39-014 65 PLACE,11377,Woodside,402,4,Queens,26,34,12,QN63,Woodside,4026300,New York,40.74527412,-73.89896527,1012245.961,210816.2408
336397,210327,2015-10-16,24,0,OnCurb,Alive,Fair,Fraxinus pennsylvanica,green ash,None,None,Damage,TreesCount Staff,None,No,No,No,No,No,No,No,No,No,1753 EAST 10 STREET,11223,Brooklyn,315,3,Brooklyn,44,45,17,BK25,Homecrest,3041800,New York,40.60639674,-73.96270475,994605.7759,160205.2836
40383,307897,2015-06-29,3,0,OnCurb,Alive,Good,Quercus macrocarpa,bur oak,1or2,None,NoDamage,TreesCount Staff,None,No,No,No,No,No,No,No,No,No,181-038 MIDLAND PARKWAY,11432,Jamaica,408,4,Queens,24,24,11,QN06,Jamaica Estates-Holliswood,4127700,New York,40.72131847,-73.78454719,1043971.769,202145.749
229031,335436,2015-09-16,21,0,OnCurb,Alive,Fair,Quercus palustris,pin oak,None,None,Damage,TreesCount Staff,Stones,Yes,No,No,No,No,No,No,No,No,86-072 RANGE STREET,11427,Queens Village,413,4,Queens,23,24,11,QN43,Bellerose,4162100,New York,40.73102759,-73.73427549,1057895.908,205721.3366
320743,513669,2015-10-13,5,0,OnCurb,Alive,Good,Prunus,cherry,1or2,None,NoDamage,NYC Parks Staff,None,No,No,No,No,No,No,No,No,No,3332 WILSON AVENUE,10469,Bronx,212,2,Bronx,12,83,36,BX03,Eastchester-Edenwald-Baychester,2036400,New York,40.87432051,-73.84998686,1025736.984,257851.8167
388561,206381,2015-10-27,15,0,OnCurb,Alive,Good,Gleditsia triacanthos var. inermis,honeylocust,None,None,NoDamage,Volunteer,None,No,No,No,No,No,No,No,No,No,1925 65 STREET,11204,Brooklyn,311,3,Brooklyn,47,49,22,BK28,Bensonhurst West,3025400,New York,40.61750261,-73.98730898,987773.3312,164249.4904
214448,322546,2015-09-10,4,0,OnCurb,Alive,Good,Quercus alba,white oak,None,None,NoDamage,NYC Parks Staff,None,No,No,No,No,No,No,No,No,No,215-019 36 AVENUE,11361,Bayside,411,4,Queens,19,26,11,QN46,Bayside-Bayside Hills,4111300,New York,40.76878016,-73.76907151,1048215.908,219448.4289
486381,314512,2015-11-28,24,0,OnCurb,Alive,Good,Platanus x acerifolia,London planetree,None,None,NoDamage,Volunteer,RootOtherBranchLights,No,No,Yes,No,No,No,Yes,No,No,19-006 147 STREET,11357,Whitestone,407,4,Queens,19,26,11,QN49,Whitestone,4103900,New York,40.78215968,-73.81896921,1034384.47,224290.5252
109118,220546,2015-08-01,30,0,OnCurb,Alive,Fair,Platanus x acerifolia,London planetree,1or2,Helpful,Damage,Volunteer,None,No,No,No,No,No,No,No,No,No,292 HALSEY STREET,11216,Brooklyn,303,3,Brooklyn,36,56,25,BK75,Bedford,3026900,New York,40.68262039,-73.94220978,1000278.295,187978.7245
16245,105877,2015-06-10,29,0,OnCurb,Alive,Good,Platanus x acerifolia,London planetree,None,None,NoDamage,Volunteer,None,No,No,No,No,No,No,No,No,No,501 EAST 57 STREET,10022,New York,106,1,Manhattan,5,73,28,MN19,Turtle Bay-East Midtown,1010601,New York,40.7572492,-73.96023158,995267.5505,215165.5051
320561,314372,2015-10-13,8,0,OnCurb,Alive,Good,Malus,crab apple,None,None,NoDamage,Volunteer,TrunkOther,No,No,No,No,No,Yes,No,No,No,21-017 124 STREET,11356,College Point,407,4,Queens,19,27,11,QN23,College Point,4092500,New York,40.78034364,-73.84413796,1027415.45,223615.4787
189031,223274,2015-08-30,9,0,OnCurb,Alive,Good,Cornus florida,flowering dogwood,3or4,Unsure,NoDamage,Volunteer,None,No,No,No,No,No,No,No,No,No,140 8 AVENUE,11215,Brooklyn,306,3,Brooklyn,39,52,21,BK37,Park Slope-Gowanus,3015700,New York,40.67168127,-73.97436769,991360.366,183989.0418
317777,334282,2015-10-13,5,0,OnCurb,Alive,Good,Zelkova serrata,Japanese zelkova,None,None,NoDamage,TreesCount Staff,None,No,No,No,No,No,No,No,No,No,217-009 JAMAICA AVENUE,11428,Queens Village,413,4,Queens,23,33,14,QN34,Queens Village,4056600,New York,40.71788352,-73.73758466,1056993.116,200929.8036
521970,104167,2015-12-16,3,0,OnCurb,Alive,Good,Zelkova serrata,Japanese zelkova,None,None,NoDamage,TreesCount Staff,None,No,No,No,No,No,No,No,No,No,600 12 AVENUE,10036,New York,104,1,Manhattan,3,67,31,MN15,Clinton,1012900,New York,40.76450921,-73.99842021,984687.6208,217808.0687
417933,103333,2015-11-02,2,0,OnCurb,Alive,Fair,Ginkgo biloba,ginkgo,1or2,None,NoDamage,TreesCount Staff,None,No,No,No,No,No,No,No,No,No,10-17 F D R DRIVE,10009,New York,103,1,Manhattan,2,74,27,MN28,Lower East Side,1002400,New York,40.72439407,-73.97391269,991480.8645,203193.9132
443869,406330,2015-11-10,11,0,OnCurb,Alive,Good,Quercus palustris,pin oak,1or2,None,NoDamage,NYC Parks Staff,None,No,No,No,No,No,No,No,No,No,579 NAUGHTON AVENUE,10305,Staten Island,502,5,Staten Island,50,64,24,SI36,Old Town-Dongan Hills-South Beach,5011201,New York,40.57947871,-74.08540396,960526.3129,150407.7206
81479,401780,2015-07-20,8,0,OnCurb,Alive,Good,Celtis occidentalis,common hackberry,None,None,Damage,TreesCount Staff,StonesRootOtherBranchLights,Yes,No,Yes,No,No,No,Yes,No,No,26 NEAL DOW AVENUE,10314,Staten Island,501,5,Staten Island,50,61,24,SI07,Westerleigh,5020100,New York,40.62190047,-74.13485429,946813.7012,165880.3084
396960,500998,2015-10-29,5,0,OnCurb,Alive,Good,Tilia cordata,littleleaf linden,1or2,None,NoDamage,NYC Parks Staff,Stones,Yes,No,No,No,No,No,No,No,No,808 CAULDWELL AVENUE,10456,Bronx,201,2,Bronx,17,79,32,BX34,Melrose South-Mott Haven North,2007500,New York,40.82060392,-73.90790897,1009738.877,238258.703
189968,106510,2015-08-30,15,0,OnCurb,Alive,Good,Gleditsia triacanthos var. inermis,honeylocust,1or2,Harmful,Damage,Volunteer,None,No,No,No,No,No,No,No,No,No,58 WEST 87 STREET,10024,New York,107,1,Manhattan,6,69,29,MN12,Upper West Side,1017300,New York,40.78686404,-73.97112083,992247.2058,225953.9993
354326,509630,2015-10-20,17,0,OnCurb,Alive,Good,Platanus x acerifolia,London planetree,None,None,NoDamage,Volunteer,RootOtherBranchLights,No,No,Yes,No,No,No,Yes,No,No,2859 PHILIP AVENUE,10465,Bronx,210,2,Bronx,13,82,34,BX52,Schuylerville-Throgs Neck-Edgewater Park,2015200,New York,40.82715433,-73.82517969,1032631.833,240680.1388
653891,222324,2016-08-04,10,0,OnCurb,Alive,Fair,Gleditsia triacanthos var. inermis,honeylocust,None,None,Damage,NYC Parks Staff,Stones,Yes,No,No,No,No,No,No,No,No,1312 DEKALB AVENUE,11221,Brooklyn,304,3,Brooklyn,34,53,18,BK78,Bushwick South,3042100,New York,40.69794681,-73.92538227,1004940.699,193566.1123
464564,514305,2015-11-17,4,0,OnCurb,Alive,Good,Prunus,cherry,1or2,Helpful,NoDamage,NYC Parks Staff,None,No,No,No,No,No,No,No,No,No,3810 WHITE PLAINS ROAD,10467,Bronx,212,2,Bronx,12,83,36,BX44,Williamsbridge-Olinville,2039600,New York,40.88388185,-73.86248822,1022274.197,261329.7143
117640,109682,2015-08-04,2,0,OnCurb,Alive,Good,Juniperus virginiana,eastern redcedar,None,None,NoDamage,TreesCount Staff,None,No,No,No,No,No,No,No,No,No,1809 ADAM C POWELL BOULEVARD,10026,New York,110,1,Manhattan,9,70,30,MN11,Central Harlem South,1021600,New York,40.79973209,-73.95508018,996686.7707,230644.1451
541745,318126,2015-12-30,9,0,OffsetFromCurb,Alive,Good,Pyrus calleryana,Callery pear,None,None,NoDamage,TreesCount Staff,None,No,No,No,No,No,No,No,No,No,132-009 120 AVENUE,11420,South Ozone Park,410,4,Queens,28,31,10,QN55,South Ozone Park,4018000,New York,40.67486744,-73.80574072,1038134.635,185208.5611
624056,329600,2016-07-12,3,0,OnCurb,Alive,Good,Zelkova serrata,Japanese zelkova,None,None,NoDamage,TreesCount Staff,None,No,No,No,No,No,No,No,No,No,194-002 99 AVENUE,11423,Hollis,412,4,Queens,27,29,14,QN07,Hollis,4050000,New York,40.71035798,-73.76512103,1049367.238,198166.3626
416667,100324,2015-11-02,2,0,OnCurb,Alive,Fair,Platanus x acerifolia,London planetree,1or2,None,NoDamage,TreesCount Staff,None,No,No,No,No,No,No,No,No,No,57 GOLD STREET,10038,New York,101,1,Manhattan,1,65,26,MN25,Battery Park City-Lower Manhattan,1001501,New York,40.70921389,-74.00521259,982804.8474,197662.2763
345158,302180,2015-10-18,10,0,OnCurb,Alive,Good,Gleditsia triacanthos var. inermis,honeylocust,1or2,None,Damage,Volunteer,Stones,Yes,No,No,No,No,No,No,No,No,35-001 21 AVENUE,11105,Astoria,401,4,Queens,22,36,13,QN72,Steinway,4011100,New York,40.77682853,-73.90643125,1010164.915,222310.2431
237941,223811,2015-09-19,22,0,OffsetFromCurb,Alive,Good,Gleditsia triacanthos var. inermis,honeylocust,None,None,Damage,Volunteer,RootOther,No,No,Yes,No,No,No,No,No,No,106 FERRIS STREET,11231,Brooklyn,306,3,Brooklyn,38,51,25,BK33,Carroll Gardens-Columbia Street-Red Hook,3005300,New York,40.67796544,-74.01720666,979477.3448,186277.9726
103244,103112,2015-07-29,20,0,OnCurb,Alive,Good,Quercus palustris,pin oak,None,None,Damage,Volunteer,Stones,Yes,No,No,No,No,No,No,No,No,121 AVENUE A,10009,New York,103,1,Manhattan,2,74,27,MN22,East Village,1003200,New York,40.72647379,-73.9833363,988868.6899,203950.9829
116260,345301,2015-08-04,8,0,OnCurb,Alive,Good,Tilia americana,American linden,1or2,Unsure,Damage,Volunteer,StonesBranchLights,Yes,No,No,No,No,No,Yes,No,No,60-066 PUTNAM AVENUE,11385,Ridgewood,405,4,Queens,30,37,15,QN20,Ridgewood,4058500,New York,40.70612795,-73.89823405,1012465.148,196554.3245
345499,221214,2015-10-19,4,0,OnCurb,Alive,Good,Gleditsia triacanthos var. inermis,honeylocust,1or2,None,NoDamage,Volunteer,StonesBranchLights,Yes,No,No,No,No,No,Yes,No,No,239 TOMPKINS AVENUE,11221,Brooklyn,303,3,Brooklyn,36,56,25,BK75,Bedford,3026100,New York,40.69088598,-73.94534544,999406.7321,190989.562
710279,211703,2016-09-12,8,0,OnCurb,Alive,Good,Liquidambar styraciflua,sweetgum,None,Helpful,NoDamage,TreesCount Staff,None,No,No,No,No,No,No,No,No,No,27 MONACO PLACE,11233,Brooklyn,316,3,Brooklyn,37,55,25,BK79,Ocean Hill,3036900,New York,40.67657888,-73.90899658,1009492.363,185785.4516
422872,202746,2015-11-03,11,0,OnCurb,Alive,Good,Prunus,cherry,None,None,NoDamage,NYC Parks Staff,None,No,No,No,No,No,No,No,No,No,103 LINWOOD STREET,11208,Brooklyn,305,3,Brooklyn,37,54,18,BK83,Cypress Hills-City Line,3117202,New York,40.68341716,-73.88454053,1016272.653,188284.8285
211746,110766,2015-09-09,2,0,OnCurb,Alive,Fair,Quercus palustris,pin oak,3or4,Harmful,NoDamage,TreesCount Staff,None,No,No,No,No,No,No,No,No,No,602 WEST 165 STREET,10032,New York,112,1,Manhattan,7,71,31,MN36,Washington Heights South,1024500,New York,40.83939878,-73.94173134,1000372.998,245098.3251
503957,413136,2015-12-08,32,0,OnCurb,Alive,Good,Quercus palustris,pin oak,None,None,NoDamage,NYC Parks Staff,None,No,No,No,No,No,No,No,No,No,470 GENESEE AVENUE,10312,Staten Island,503,5,Staten Island,51,62,24,SI01,Annadale-Huguenot-Prince's Bay-Eltingville,5017012,New York,40.55182835,-74.17260081,936284.7685,140369.7082
269505,341973,2015-09-29,8,0,OnCurb,Alive,Good,Styphnolobium japonicum,Sophora,None,None,Damage,Volunteer,None,No,No,No,No,No,No,No,No,No,25-060 90 STREET,11369,East Elmhurst,403,4,Queens,22,34,13,QN28,Jackson Heights,4032900,New York,40.76204969,-73.87912938,1017733.903,216935.0832
237867,331152,2015-09-19,7,0,OnCurb,Alive,Good,Gleditsia triacanthos var. inermis,honeylocust,None,None,Damage,Volunteer,None,No,No,No,No,No,No,No,No,No,227-019 145 AVENUE,11413,Springfield Gardens,413,4,Queens,31,31,10,QN03,Springfield Gardens South-Brookville,4068000,New York,40.66208775,-73.751708,1053135.669,180590.4378
423251,311675,2015-11-03,10,0,OnCurb,Alive,Fair,Acer pseudoplatanus,sycamore maple,None,None,NoDamage,NYC Parks Staff,None,No,No,No,No,No,No,No,No,No,45-028 160 STREET,11358,Flushing,407,4,Queens,20,40,16,QN52,East Flushing,4119100,New York,40.75577515,-73.80655899,1037842.567,214685.135
472672,504249,2015-11-19,5,0,OnCurb,Alive,Good,Zelkova serrata,Japanese zelkova,None,None,NoDamage,TreesCount Staff,None,No,No,No,No,No,No,No,No,No,2062 MORRIS AVENUE,10453,Bronx,205,2,Bronx,14,86,33,BX41,Mount Hope,2024100,New York,40.85358851,-73.90511161,1010500.112,250277.0372
310380,229807,2015-10-11,7,0,OnCurb,Alive,Good,Zelkova serrata,Japanese zelkova,None,None,NoDamage,Volunteer,None,No,No,No,No,No,No,No,No,No,2411 AVENUE M,11210,Brooklyn,314,3,Brooklyn,48,42,17,BK43,Midwood,3075400,New York,40.61907038,-73.95080936,997906.1774,164824.2488
561913,315843,2016-05-19,17,0,OnCurb,Alive,Good,Gleditsia triacanthos var. inermis,honeylocust,None,None,NoDamage,TreesCount Staff,None,No,No,No,No,No,No,No,No,No,151-002 11 AVENUE,11357,Whitestone,407,4,Queens,19,26,11,QN49,Whitestone,4098700,New York,40.79198907,-73.81233252,1036214.753,227875.5702
558208,325041,2016-05-12,6,0,OnCurb,Alive,Good,Chamaecyparis pisifera,false cypress,None,None,NoDamage,TreesCount Staff,None,No,No,No,No,No,No,No,No,No,120-026 144 STREET,11436,Jamaica,412,4,Queens,28,32,10,QN76,Baisley Park,4018200,New York,40.67574595,-73.79560616,1040945.059,185535.0237
349623,223809,2015-10-19,6,0,OnCurb,Alive,Good,Prunus cerasifera,purple-leaf plum,1or2,Unsure,NoDamage,Volunteer,None,No,No,No,No,No,No,No,No,No,115 PARK PLACE,11217,Brooklyn,306,3,Brooklyn,39,52,20,BK64,Prospect Heights,3016100,New York,40.67833388,-73.97470326,991266.5801,186412.7496
385997,410245,2015-10-27,2,0,OffsetFromCurb,Alive,Good,Acer saccharum,sugar maple,1or2,None,NoDamage,NYC Parks Staff,None,No,No,No,No,No,No,No,No,No,233 RICHMOND VALLEY ROAD,10307,Staten Island,503,5,Staten Island,51,62,24,SI11,Charleston-Richmond Valley-Tottenville,5024800,New York,40.52093287,-74.23593,918655.5022,129154.8359
170948,348733,2015-08-24,30,0,OffsetFromCurb,Alive,Good,Quercus velutina,black oak,None,Unsure,Damage,Volunteer,Stones,Yes,No,No,No,No,No,No,No,No,71-025 113 STREET,11375,Forest Hills,406,4,Queens,29,27,15,QN17,Forest Hills,4075702,New York,40.72329749,-73.83726333,1029357.963,202835.2223
475015,505942,2015-11-20,3,0,OnCurb,Alive,Good,Gleditsia triacanthos var. inermis,honeylocust,1or2,None,Damage,TreesCount Staff,None,No,No,No,No,No,No,No,No,No,2704 DECATUR AVENUE,10458,Bronx,207,2,Bronx,15,78,33,BX05,Bedford Park-Fordham North,2040502,New York,40.8649691,-73.88857573,1015069.353,254428.8065
6940,225575,2015-05-31,6,0,OnCurb,Alive,Good,Quercus rubra,northern red oak,1or2,None,NoDamage,Volunteer,Stones,Yes,No,No,No,No,No,No,No,No,406 16 STREET,11215,Brooklyn,307,3,Brooklyn,39,44,21,BK40,Windsor Terrace,3016900,New York,40.66083134,-73.98140004,989410.4418,180035.6154
516758,511118,2015-12-14,4,0,OnCurb,Alive,Good,Celtis occidentalis,common hackberry,None,None,NoDamage,TreesCount Staff,None,No,No,No,No,No,No,No,No,No,2049 BARTOW AVENUE,10475,Bronx,210,2,Bronx,12,82,36,BX13,Co-op City,2046201,New York,40.87121503,-73.82949042,1031407.584,256730.7409
566705,332708,2016-05-26,4,0,OnCurb,Alive,Good,Carpinus betulus,European hornbeam,None,None,NoDamage,TreesCount Staff,None,No,No,No,No,No,No,No,No,No,235-009 120 AVENUE,11411,Cambria Heights,413,4,Queens,27,33,14,QN33,Cambria Heights,4061400,New York,40.68619527,-73.72918057,1059358.466,189391.973
721305,325963,2016-09-23,3,0,OnCurb,Alive,Good,Quercus palustris,pin oak,None,None,NoDamage,TreesCount Staff,None,No,No,No,No,No,No,No,No,No,116-011 157 STREET,11434,Jamaica,412,4,Queens,28,32,10,QN76,Baisley Park,4027800,New York,40.68530409,-73.78600245,1043600.44,189023.683
25085,209880,2015-06-17,3,0,OnCurb,Alive,Good,Quercus bicolor,swamp white oak,1or2,None,NoDamage,NYC Parks Staff,None,No,No,No,No,No,No,No,No,No,1600 AVENUE T,11229,Brooklyn,315,3,Brooklyn,48,45,19,BK44,Madison,3058000,New York,40.60103327,-73.95581118,996520.9006,158252.1225
98801,501449,2015-07-28,18,0,OnCurb,Alive,Good,Gleditsia triacanthos var. inermis,honeylocust,None,None,Damage,Volunteer,StonesRootOther,Yes,No,Yes,No,No,No,No,No,No,754 TIFFANY STREET,10474,Bronx,202,2,Bronx,17,84,32,BX27,Hunts Point,2009300,New York,40.81539711,-73.89142357,1014304.044,236366.9026
353845,408987,2015-10-20,10,0,OnCurb,Alive,Good,Gleditsia triacanthos var. inermis,honeylocust,1or2,None,Damage,NYC Parks Staff,Stones,Yes,No,No,No,No,No,No,No,No,31 GOLLER PLACE,10314,Staten Island,502,5,Staten Island,50,63,24,SI05,New Springville-Bloomfield-Travis,5027301,New York,40.60680111,-74.15932246,940011.204,160390.631
680506,307388,2016-08-25,4,0,OnCurb,Alive,Good,Carpinus betulus,European hornbeam,None,Helpful,NoDamage,TreesCount Staff,None,No,No,No,No,No,No,No,No,No,144-021 73 AVENUE,11367,Flushing,408,4,Queens,24,27,15,QN37,Kew Gardens Hills,4077907,New York,40.7249925,-73.81991461,1034165.471,203462.1729
427885,323830,2015-11-04,4,0,OnCurb,Alive,Good,Zelkova serrata,Japanese zelkova,None,None,NoDamage,TreesCount Staff,None,No,No,No,No,No,No,No,No,No,317 WARWICK AVENUE,11363,Little Neck,411,4,Queens,19,26,11,QN45,Douglas Manor-Douglaston-Little Neck,4148300,New York,40.77862159,-73.75035395,1053390.334,223048.1986
595606,334985,2016-06-21,46,0,OffsetFromCurb,Alive,Good,Quercus palustris,pin oak,None,None,NoDamage,TreesCount Staff,None,No,No,No,No,No,No,No,No,No,237-046 FAIRBURY AVENUE,11426,Bellerose,413,4,Queens,23,33,11,QN43,Bellerose,4162100,New York,40.72505737,-73.72886651,1059401.74,203550.8036
273975,336548,2015-10-01,4,0,OnCurb,Alive,Good,Metasequoia glyptostroboides,dawn redwood,None,None,NoDamage,NYC Parks Staff,None,No,No,No,No,No,No,No,No,No,76-051 267 STREET,11040,New Hyde Park,413,4,Queens,23,26,11,QN44,Glen Oaks-Floral Park-New Hyde Park,4155102,New York,40.75073791,-73.70727681,1065354.605,212926.2458
691878,305754,2016-09-01,17,0,OffsetFromCurb,Alive,Good,Quercus phellos,willow oak,None,None,NoDamage,TreesCount Staff,None,No,No,No,No,No,No,No,No,No,150-047 75 ROAD,11367,Flushing,408,4,Queens,24,25,15,QN37,Kew Gardens Hills,4077908,New York,40.72510524,-73.81382188,1035854.144,203506.7804
574957,326168,2016-06-03,0,27,OnCurb,Stump,,,,,,,TreesCount Staff,,No,No,No,No,No,No,No,No,No,119-044 190 STREET,11412,Saint Albans,412,4,Queens,27,29,14,QN08,St. Albans,4039400,New York,40.68772564,-73.75920502,1051030.04,189925.2127
74474,105338,2015-07-17,11,0,OnCurb,Alive,Good,Pyrus calleryana,Callery pear,1or2,Helpful,NoDamage,Volunteer,None,No,No,No,No,No,No,No,No,No,130 EAST 18 STREET,10003,New York,106,1,Manhattan,2,74,28,MN21,Gramercy,1005000,New York,40.73615944,-73.98638686,988022.6168,207479.6238
185415,505066,2015-08-29,12,0,OnCurb,Alive,Good,Gleditsia triacanthos var. inermis,honeylocust,None,None,Damage,TreesCount Staff,StonesBranchLights,Yes,No,No,No,No,No,Yes,No,No,2059 PROSPECT AVENUE,10457,Bronx,206,2,Bronx,15,79,33,BX17,East Tremont,2037100,New York,40.84644193,-73.88769564,1015321.434,247678.9657
674107,346595,2016-08-22,0,4,OnCurb,Stump,,,,,,,Volunteer,,No,No,No,No,No,No,No,No,No,61-020 GRAND AVENUE,11378,Maspeth,405,4,Queens,30,30,15,QN30,Maspeth,4052100,New York,40.72202017,-73.90370132,1010942.952,202342.6262
701534,211088,2016-09-07,6,0,OnCurb,Alive,Good,Styphnolobium japonicum,Sophora,None,None,Damage,NYC Parks Staff,StonesRootOtherTrunkOther,Yes,No,Yes,No,No,Yes,No,No,No,85 BLAKE AVENUE,11212,Brooklyn,316,3,Brooklyn,41,55,20,BK81,Brownsville,3089400,New York,40.66449275,-73.91691347,1007300.569,181379.9516
434705,342627,2015-11-05,13,0,OnCurb,Alive,Good,Tilia cordata,littleleaf linden,None,None,NoDamage,TreesCount Staff,None,No,No,No,No,No,No,No,No,No,85-043 55 AVENUE,11373,Elmhurst,404,4,Queens,25,35,16,QN50,Elmhurst-Maspeth,4047900,New York,40.73394261,-73.87849179,1017924.733,206695.0233
301347,102048,2015-10-09,9,0,OnCurb,Dead,,,,,,,NYC Parks Staff,,No,No,No,No,No,No,No,No,No,153 PERRY STREET,10014,New York,102,1,Manhattan,3,66,27,MN23,West Village,1007500,New York,40.73481124,-74.00856449,981876.4723,206988.2524
17525,223045,2015-06-11,16,0,OnCurb,Alive,Good,Acer platanoides,Norway maple,1or2,Helpful,NoDamage,Volunteer,TrunkOther,No,No,No,No,No,Yes,No,No,No,570 5 STREET,11215,Brooklyn,306,3,Brooklyn,39,44,21,BK37,Park Slope-Gowanus,3016500,New York,40.66777641,-73.97653172,990760.4486,182566.2238
342110,401481,2015-10-17,18,0,OnCurb,Alive,Good,Platanus x acerifolia,London planetree,None,None,NoDamage,NYC Parks Staff,BranchLights,No,No,No,No,No,No,Yes,No,No,63 WESTCOTT BOULEVARD,10314,Staten Island,501,5,Staten Island,50,63,24,SI07,Westerleigh,5015100,New York,40.61858232,-74.12759866,948826.141,164668.4007
421085,306896,2015-11-03,16,0,OnCurb,Alive,Good,Quercus palustris,pin oak,None,Helpful,Damage,TreesCount Staff,None,No,No,No,No,No,No,No,No,No,61-012 184 STREET,11365,Fresh Meadows,408,4,Queens,24,25,16,QN41,Fresh Meadows-Utopia,4134100,New York,40.73931772,-73.79005436,1042429.513,208699.7093
141122,219160,2015-08-12,13,0,OnCurb,Alive,Good,Ginkgo biloba,ginkgo,None,None,NoDamage,Volunteer,None,No,No,No,No,No,No,No,No,No,256 DEKALB AVENUE,11205,Brooklyn,302,3,Brooklyn,35,57,25,BK69,Clinton Hill,3019700,New York,40.6893855,-73.96869421,992931.8767,190439.716
38502,225102,2015-06-28,5,0,OnCurb,Alive,Good,Prunus,cherry,None,None,NoDamage,TreesCount Staff,Stones,Yes,No,No,No,No,No,No,No,No,346 CONEY ISLAND AVENUE,11218,Brooklyn,307,3,Brooklyn,39,44,21,BK40,Windsor Terrace,3050400,New York,40.64944745,-73.97188063,992052.8735,175888.8504
9847,313885,2015-06-04,6,0,OnCurb,Alive,Poor,Gleditsia triacanthos var. inermis,honeylocust,1or2,None,NoDamage,TreesCount Staff,BranchOther,No,No,No,No,No,No,No,No,Yes,15-062 208 STREET,11360,Bayside,407,4,Queens,19,26,11,QN47,Ft. Totten-Bay Terrace-Clearview,4099705,New York,40.78383186,-73.78507667,1043769.123,224920.9688
82318,108783,2015-07-21,2,0,OnCurb,Alive,Fair,Fraxinus pennsylvanica,green ash,1or2,None,Damage,Volunteer,None,No,No,No,No,No,No,No,No,No,567 WEST 149 STREET,10031,New York,109,1,Manhattan,7,71,30,MN04,Hamilton Heights,1023300,New York,40.82883579,-73.94815476,998597.9096,241248.7223
219868,310048,2015-09-12,31,0,OnCurb,Alive,Good,Quercus palustris,pin oak,None,None,NoDamage,Volunteer,Stones,Yes,No,No,No,No,No,No,No,No,123-014 HILLSIDE AVENUE,11418,Richmond Hill,409,4,Queens,29,27,14,QN54,Richmond Hill,4014201,New York,40.70233848,-73.82735473,1032119.513,195204.4886
696552,306612,2016-09-04,3,0,OnCurb,Alive,Fair,Zelkova serrata,Japanese zelkova,None,None,NoDamage,Volunteer,None,No,No,No,No,No,No,No,No,No,166-003 69 AVENUE,11365,Fresh Meadows,408,4,Queens,24,25,16,QN38,Pomonok-Flushing Heights-Hillcrest,4122300,New York,40.73316579,-73.80299578,1038848.272,206450.0432
699839,231807,2016-09-06,10,0,OnCurb,Alive,Good,Tilia cordata,littleleaf linden,None,None,Damage,Volunteer,Stones,Yes,No,No,No,No,No,No,No,No,140 EAST 28 STREET,11226,Brooklyn,317,3,Brooklyn,40,42,21,BK95,Erasmus,3082600,New York,40.64583767,-73.95101977,997842.3114,174576.2582
403109,403469,2015-10-30,3,0,OnCurb,Alive,Good,Amelanchier,serviceberry,None,None,NoDamage,NYC Parks Staff,None,No,No,No,No,No,No,No,No,No,117 MONROE AVENUE,10301,Staten Island,501,5,Staten Island,49,61,23,SI22,West New Brighton-New Brighton-St. George,5001100,New York,40.63877439,-74.07898764,962328.1304,172008.9972
503851,507825,2015-12-08,3,0,OnCurb,Alive,Good,Prunus,cherry,None,None,NoDamage,TreesCount Staff,None,No,No,No,No,No,No,No,No,No,1876 SEWARD AVENUE,10473,Bronx,209,2,Bronx,18,87,34,BX09,Soundview-Castle Hill-Clason Point-Harding Park,2001600,New York,40.81951928,-73.85979134,1023057.458,237881.1887
52892,407688,2015-07-07,4,0,OnCurb,Alive,Good,Quercus bicolor,swamp white oak,None,None,NoDamage,Volunteer,None,No,No,No,No,No,No,No,No,No,2000 RICHMOND AVENUE,10314,Staten Island,502,5,Staten Island,50,63,24,SI05,New Springville-Bloomfield-Travis,5029103,New York,40.59981683,-74.16303159,938976.56,157847.9777
660651,321509,2016-08-09,28,0,OnCurb,Alive,Good,Acer saccharinum,silver maple,None,None,NoDamage,TreesCount Staff,StonesBranchLights,Yes,No,No,No,No,No,Yes,No,No,195-022 42 AVENUE,11358,Flushing,411,4,Queens,19,26,11,QN48,Auburndale,4118100,New York,40.75957435,-73.78594144,1043551.236,216082.5905
506677,508208,2015-12-09,11,0,OnCurb,Alive,Good,Tilia cordata,littleleaf linden,None,None,NoDamage,TreesCount Staff,None,No,No,No,No,No,No,No,No,No,1166 CROES AVENUE,10472,Bronx,209,2,Bronx,18,85,32,BX55,Soundview-Bruckner,2006800,New York,40.82926849,-73.87040987,1020113.171,241428.6524
358537,317088,2015-10-21,22,0,OnCurb,Alive,Good,Prunus,cherry,None,None,NoDamage,NYC Parks Staff,None,No,No,No,No,No,No,No,No,No,96-007 156 AVENUE,11414,Howard Beach,410,4,Queens,32,23,15,QN57,Lindenwood-Howard Beach,4088400,New York,40.66396793,-73.83721405,1029411.794,181219.7777
488985,505346,2015-11-30,26,0,OffsetFromCurb,Alive,Fair,Acer,maple,None,None,Damage,TreesCount Staff,Stones,Yes,No,No,No,No,No,No,No,No,4389 3 AVENUE,10457,Bronx,206,2,Bronx,15,86,33,BX17,East Tremont,2037504,New York,40.85110943,-73.89344025,1013729.997,249377.5249
642617,319716,2016-07-27,22,0,OnCurb,Alive,Good,Platanus x acerifolia,London planetree,None,None,Damage,TreesCount Staff,None,No,No,No,No,No,No,No,No,No,78-056 221 STREET,11364,Oakland Gardens,411,4,Queens,23,24,11,QN42,Oakland Gardens,4129104,New York,40.73563268,-73.7497539,1053601.265,207386.4737
151404,307507,2015-08-16,7,0,OnCurb,Alive,Good,Pyrus calleryana,Callery pear,None,None,NoDamage,Volunteer,None,No,No,No,No,No,No,No,No,No,184-045 ABERDEEN ROAD,11432,Jamaica,408,4,Queens,24,24,11,QN06,Jamaica Estates-Holliswood,4127700,New York,40.72469161,-73.78270755,1044478.653,203375.9407
527841,230071,2015-12-20,20,0,OnCurb,Alive,Good,Zelkova serrata,Japanese zelkova,None,None,Damage,Volunteer,StonesRootOther,Yes,No,Yes,No,No,No,No,No,No,84 LAWRENCE AVENUE,11230,Brooklyn,314,3,Brooklyn,44,44,17,BK42,Flatbush,3048000,New York,40.62957683,-73.97571038,990992.1604,168649.1283
589426,336060,2016-06-16,20,0,OnCurb,Alive,Good,Ginkgo biloba,ginkgo,None,None,NoDamage,TreesCount Staff,None,No,No,No,No,No,No,No,No,No,262-020 82 AVENUE,11004,Glen Oaks,413,4,Queens,23,33,11,QN44,Glen Oaks-Floral Park-New Hyde Park,4157901,New York,40.74152791,-73.70702481,1065435.648,209570.9995
70644,409482,2015-07-16,9,0,OnCurb,Alive,Good,Ulmus parvifolia,Chinese elm,None,None,NoDamage,TreesCount Staff,None,No,No,No,No,No,No,No,No,No,204 EDWARD CURRY AVENUE,10314,Staten Island,502,5,Staten Island,50,63,24,SI05,New Springville-Bloomfield-Travis,5029102,New York,40.61083733,-74.18527663,932807.6728,161875.302
583586,345314,2016-06-12,2,0,OnCurb,Dead,,,,,,,Volunteer,,No,No,No,No,No,No,No,No,No,1879 BLEECKER STREET,11385,Ridgewood,405,4,Queens,34,37,12,QN20,Ridgewood,4059100,New York,40.70679372,-73.90963594,1009303.665,196793.4181
288287,207880,2015-10-06,0,39,OffsetFromCurb,Stump,,,,,,,Volunteer,,No,No,No,No,No,No,No,No,No,2966 BRIGHTON 5 STREET,11235,Brooklyn,313,3,Brooklyn,48,45,23,BK19,Brighton Beach,3036400,New York,40.57958679,-73.96328314,994449.2699,150437.6696
625247,228465,2016-07-13,12,0,OnCurb,Alive,Good,Fraxinus pennsylvanica,green ash,None,None,Damage,TreesCount Staff,Stones,Yes,No,No,No,No,No,No,No,No,1032 57 STREET,11219,Brooklyn,312,3,Brooklyn,38,48,17,BK88,Borough Park,3021600,New York,40.63398367,-74.00258392,983532.819,170253.7327
374924,339960,2015-10-25,5,0,OnCurb,Alive,Good,Prunus,cherry,None,None,NoDamage,TreesCount Staff,None,No,No,No,No,No,No,No,No,No,13-016 GATEWAY BOULEVARD,11691,Far Rockaway,414,4,Queens,31,23,10,QN15,Far Rockaway-Bayswater,4101001,New York,40.60256191,-73.74795313,1054239.812,158906.6425
155777,106407,2015-08-18,13,0,OnCurb,Alive,Fair,Tilia cordata,littleleaf linden,1or2,Harmful,NoDamage,Volunteer,None,No,No,No,No,No,No,No,No,No,148 WEST 80 STREET,10024,New York,107,1,Manhattan,6,67,29,MN12,Upper West Side,1016500,New York,40.78340041,-73.97695338,990632.3904,224691.6032
89077,315768,2015-07-23,6,0,OnCurb,Alive,Good,Pyrus calleryana,Callery pear,1or2,None,NoDamage,Volunteer,TrunkOther,No,No,No,No,No,Yes,No,No,No,6-016 129 STREET,11356,College Point,407,4,Queens,19,27,11,QN23,College Point,4093900,New York,40.79090333,-73.83904533,1028818.766,227465.2784
